birthday,phone,names,lat_long,email,zip,city
05.07.2020,1-560-294-4480,Leslie H. Howard,"-80.7931, 157.73725",magna.Nam@Praesentinterdumligula.com,05-449,Campina Grande
06.11.2019,1-616-403-7121,Kyra T. Wynn,"-54.65661, 87.93458",amet.ornare@uterosnon.net,1975,Bagh
23.11.2020,1-258-160-9496,Darius G. Huff,"-56.23283, -116.1583",ipsum@erat.co.uk,24192,Conca Casale
07.05.2020,1-129-425-6705,Flynn M. Rodriguez,"50.02477, -93.02564",nunc.est.mollis@auctor.com,6311,Uyo
25.09.2020,1-715-932-5611,Damon K. Potts,"34.94064, 91.87029",neque.venenatis@Phasellus.ca,26531,Lahore
30.12.2019,1-488-594-4480,Odessa U. Stewart,"41.01394, 96.36819",Proin.mi@a.co.uk,40738,Namen
04.03.2019,1-693-871-0017,Ruby M. Noble,"75.21109, -148.67016",gravida.non.sollicitudin@odioNam.net,968589,Sevilla
17.12.2020,1-337-498-7475,Hadassah W. Dale,"32.72148, -122.01392",Cras@dictum.co.uk,5375,Bella
24.02.2019,1-861-878-4813,Baker B. Francis,"36.06121, -68.27199",erat@tinciduntnibhPhasellus.ca,65737,Chekhov
25.09.2020,1-825-185-8476,Cheyenne K. Dean,"56.5022, 151.02082",in@nequeseddictum.co.uk,302379,Stary Oskol
23.07.2019,1-871-331-2303,Kevyn E. Cox,"89.15273, 46.41947",vel@mollis.ca,695644,Midlands
05.10.2019,1-378-622-9633,Gregory P. Hatfield,"-59.95322, 33.01087",egestas@mauriserat.com,8801,Córdoba
29.03.2019,1-349-361-6222,Kylee J. Hoover,"68.95134, 143.00006",egestas.hendrerit.neque@erat.net,69-970,Cortil-Noirmont
23.03.2019,1-882-123-7786,Flavia M. Pitts,"-84.49028, 134.95122",nulla@scelerisquesed.co.uk,Z44 3OC,Alès
02.12.2020,1-264-548-5318,Tamara V. Patrick,"39.99846, 63.55341",tristique.pellentesque@egetvarius.net,66004,Tullibody
29.02.2020,1-683-583-5210,Byron T. Horne,"32.49449, 100.66053",erat.Etiam@senectus.com,5878,Wekweti
07.07.2020,1-561-557-4779,Aubrey O. Barr,"-50.38051, 9.15288",amet.dapibus@dignissimlacusAliquam.edu,06-852,New Orleans
08.08.2020,1-915-932-7907,India M. Burton,"-62.94522, 156.80774",cursus.luctus@risusatfringilla.org,20538,Bangor
26.06.2020,1-571-390-3167,Tatiana O. Sloan,"28.70745, 24.95209",ut@fermentummetusAenean.com,11028,Salem
11.06.2020,1-317-888-9015,Kirsten S. Wolf,"-64.38445, -118.19839",rutrum@metusAliquam.co.uk,6751 DI,Campbeltown
28.01.2019,1-118-618-0317,Knox C. Farmer,"2.41655, 85.92271",Proin.dolor@sagittisDuisgravida.ca,55802,Bergama
06.09.2019,1-200-265-5339,Kieran P. Hendrix,"55.02022, 33.43453",elit.pretium.et@vitaesodales.edu,864684,Rimbey
06.06.2019,1-536-834-8974,Libby F. Mcmahon,"-39.34568, 0.14016",magna.a.tortor@id.net,676087,Quilaco
05.12.2020,1-403-581-7504,Xanthus P. Long,"58.72796, -131.54363",ornare.elit.elit@adipiscingenim.org,29883,Jundiaí
09.01.2019,1-459-694-0112,Forrest Q. Stevens,"89.20785, -0.57186",nulla.Integer@maurisipsumporta.ca,16974-448,Lac Ste. Anne
17.08.2020,1-883-604-1559,Gisela M. Banks,"14.21796, 62.71378",semper.rutrum.Fusce@Nullam.net,11319,Diego de Almagro
10.06.2020,1-660-827-2100,Demetrius H. Solomon,"63.39257, -142.31014",conubia.nostra.per@Nullamscelerisqueneque.edu,87453,Hulste
06.10.2020,1-705-389-5984,Rhoda V. Thornton,"12.23557, -160.4698",nec.eleifend.non@enim.co.uk,62623-64171,Seevetal
20.11.2020,1-788-931-7585,William N. Thompson,"-35.82526, 134.59113",nibh@Nullamsuscipit.net,57-080,Böblingen
27.04.2020,1-693-726-2073,Nathaniel R. Meadows,"-21.19925, -111.38604",elit.elit@sedfacilisis.ca,Z8137,Torquay
21.01.2019,1-733-737-3304,Kerry Y. Holman,"-30.41505, -167.69919",non.cursus@dignissimtemporarcu.co.uk,947358,Bajardo
09.09.2019,1-627-678-0692,Brooke Y. Jensen,"25.17997, -172.71433",et.libero@Sed.net,28964-40571,Tampa
09.05.2019,1-617-988-6159,Carl Y. Hart,"-81.05365, 166.6208",non.cursus.non@ridiculus.edu,08651-455,Villar Pellice
12.10.2020,1-738-577-3378,Yoko W. Conley,"12.56792, 29.5851",eget.odio.Aliquam@scelerisque.ca,70528,Osimo
29.10.2020,1-170-986-7969,Gisela E. Zamora,"-17.71338, -80.47218",Cras.dictum.ultricies@eu.com,62135-112,Banda Aceh
19.12.2020,1-862-824-1890,Emily S. Morales,"6.50359, 30.07917",rhoncus@elit.net,579173,Newtown
25.12.2020,1-468-714-5514,Reed W. Larsen,"-68.94074, 119.03856",quam.a@dolor.com,71432-91389,Bronnitsy
12.11.2020,1-493-308-8694,Cynthia U. Glass,"-64.69129, 88.84348",nulla.ante.iaculis@a.ca,214504,Buenaventura
23.11.2019,1-566-925-7389,Craig X. Vance,"-69.0148, 165.22393",ac.risus.Morbi@suscipitest.co.uk,76045,Borchtlombeek
04.01.2020,1-268-944-6965,Herrod U. Morrison,"-66.76159, -40.28233",velit@felis.net,443100,Castellina in Chianti
31.10.2019,1-659-705-2352,Martin J. Baird,"25.43639, 31.62998",ridiculus.mus.Aenean@molestiedapibus.net,7438,Tsiigehtchic
23.09.2019,1-721-839-8699,Sybil L. Craft,"70.34742, 51.18031",ipsum.primis.in@lorem.co.uk,85293,Vilna
14.09.2020,1-419-527-3995,Carl L. Middleton,"25.1437, -96.72922",congue.elit.sed@sapien.org,245861,Pontboset
29.01.2020,1-999-934-3635,Erich F. Mann,"37.48213, -53.5339",molestie.tortor@sitamet.edu,83472-452,Hertford
13.04.2020,1-192-663-4543,Teagan I. Webster,"70.36436, 138.33781",fames.ac@ligula.org,07570,Victoria
18.09.2019,1-187-105-6643,Dacey R. Wilson,"-15.88582, -54.80389",Quisque@velitSed.org,89030,Algarrobo
30.09.2020,1-340-750-6897,Berk M. Jordan,"-19.95651, -102.64553",Donec.tincidunt.Donec@anteblandit.com,33473,LamontzŽe
17.11.2020,1-153-403-8432,Ezekiel A. Sherman,"-59.46452, -120.88989",lorem.eget@euismod.edu,08875,Guelph
06.05.2019,1-334-364-7748,Castor O. Walter,"28.8487, -38.76282",orci@nuncnulla.edu,H0V 2J6,Gonda
04.02.2020,1-157-436-0796,Christine P. Keith,"87.66421, 3.49884",Curabitur.consequat.lectus@erat.edu,024292,Detroit
04.01.2021,1-244-155-5471,Gillian J. Gross,"-38.86361, -70.91566",et.magnis.dis@nisl.com,04257,Sint-Renelde Saintes
07.12.2019,1-826-267-3819,Tate X. Huff,"39.79327, -88.76742",volutpat@duisemperet.co.uk,2429,Bogor
05.03.2019,1-731-797-0418,April G. Pate,"46.38718, 46.38781",arcu.iaculis.enim@tortorInteger.co.uk,29017,Thame
14.07.2020,1-330-735-7005,Basia F. Alexander,"-29.38123, 91.04625",volutpat@anteMaecenasmi.edu,61770,Sommethonne
11.10.2020,1-576-416-3377,MacKensie N. Wilson,"-5.52387, -61.69674",tempor.diam.dictum@cubiliaCuraeDonec.co.uk,993668,Marche-les-Dames
14.04.2020,1-702-445-0164,Eleanor Y. Hill,"58.28816, -134.60316",Mauris.ut.quam@urnaconvalliserat.org,29-385,Toulouse
13.02.2020,1-440-983-5117,Pamela D. Kennedy,"-0.38127, 104.42787",a.mi.fringilla@ipsumprimis.ca,77322,Bois-de-Villers
10.03.2020,1-435-212-3143,Nichole S. Sullivan,"76.95968, 75.43192",Proin@Quisque.com,2636,Newport
11.09.2020,1-924-168-2772,Keefe Y. Hebert,"-21.15394, 4.2894",rutrum.non.hendrerit@apurus.ca,29518,Salamanca
30.08.2020,1-515-824-2566,Kyra N. Lindsey,"75.91447, -136.4242",vel@nasceturridiculusmus.net,732440,Plancenoit
31.05.2020,1-366-236-0827,Ifeoma W. Cantrell,"54.42347, 110.36318",vestibulum.nec@eu.ca,Z8651,Sint-Joost-ten-Node
16.05.2019,1-463-136-7413,Brett W. Ellison,"24.87553, -40.27266",ultrices.iaculis.odio@mipede.edu,39529,Opwijk
30.04.2020,1-754-488-2253,Phyllis P. Houston,"42.5206, -87.48687",lorem.sit@Mauris.edu,648777,Kakisa
09.06.2019,1-783-398-6839,Sonia L. Wagner,"43.27127, 30.50554",consectetuer.rhoncus@metus.edu,30215,Juan Fernández
10.05.2020,1-712-863-7901,Amery W. Ballard,"-74.52083, 90.36652",eget.metus@Proin.co.uk,461711,Ospedaletto Lodigiano
21.02.2019,1-884-596-2953,Paul R. Woods,"-8.18776, 51.37251",ante.ipsum@necluctus.ca,72-189,Cassaro
30.04.2019,1-419-232-7108,Myra A. Russo,"-63.17778, -154.27882",Etiam.gravida.molestie@vitaeposuereat.edu,5845 XU,Teodoro Schmidt
29.07.2019,1-734-670-7362,Colleen S. Marks,"88.80091, 162.27777",Phasellus.dapibus.quam@consequatnecmollis.net,422676,Tongrinne
05.11.2019,1-516-424-8147,Scott Y. Salinas,"-62.06726, -65.46811",luctus.Curabitur@eu.com,27798,Huppaye
21.12.2020,1-933-535-5660,Alfreda A. Moore,"48.95176, 130.90851",commodo.at.libero@nuncid.com,79-276,Rodengo/Rodeneck
14.01.2019,1-296-999-4680,Charles T. Lindsay,"77.47632, -159.02314",lectus@Integerid.org,01432,Kimberly
30.06.2020,1-905-270-1942,Bert G. Blair,"30.52258, 71.47637",at.sem.molestie@indolor.net,IM29 8EX,San Felice a Cancello
17.08.2020,1-484-337-4580,Plato O. Burgess,"83.37789, -70.20963",egestas.Duis@feugiatmetussit.ca,54780,Narbolia
08.12.2020,1-404-598-8404,Jamal L. Leon,"-83.89639, -106.54687",ipsum@turpis.com,0444,Auldearn
06.04.2019,1-669-894-7349,Chava S. Workman,"1.80377, -43.1461",habitant@nulla.ca,5695,New Galloway
04.01.2020,1-385-809-9586,Jolene K. Faulkner,"84.59178, -41.70744",semper.cursus.Integer@eueuismodac.net,60916,Devizes
31.12.2019,1-253-355-8549,Courtney W. Kerr,"-37.4529, -130.57738",nonummy.ac@mauris.com,00142,Nellore
11.09.2020,1-618-610-2856,Coby V. Christian,"9.50853, -7.64751",dui.in@sociisnatoque.org,71215,Trani
04.06.2020,1-610-348-5034,Logan K. Petersen,"-55.38965, 119.39998",Pellentesque@semperrutrumFusce.net,23445,Umerkot
22.08.2020,1-845-692-6193,Charlotte W. Jennings,"35.12842, -7.53647",luctus@gravidasitamet.com,Z7211,Aschersleben
29.01.2020,1-137-115-2953,Shana D. Marks,"-77.38444, -65.65454",adipiscing.fringilla.porttitor@Quisqueporttitor.co.uk,47797,Philadelphia
13.10.2019,1-194-290-8080,Cadman T. Mitchell,"23.20457, -115.90137",Aenean.eget.magna@ultrices.edu,25269,Badajoz
30.11.2020,1-649-397-7395,Pascale U. Wong,"-69.78969, -78.71122",eu.turpis.Nulla@justo.ca,754662,Dangjin
08.06.2020,1-205-868-6608,Martena V. Heath,"18.59665, 127.54506",ipsum.sodales.purus@sempercursusInteger.co.uk,27936,Saint-Quentin
29.07.2019,1-178-427-4737,Germane A. Parker,"-54.89724, 105.65803",mi.lorem@auctor.ca,127767,Schwedt
12.11.2019,1-364-540-6302,Mannix O. Reyes,"79.972, -87.40092",Duis@sit.edu,45247,St. Paul
09.07.2020,1-650-203-1719,Wynter E. Galloway,"35.27071, 137.60057",purus.accumsan@necmalesuada.co.uk,33134,Idaho Falls
10.02.2020,1-291-155-0181,Sybil H. Hines,"80.86498, 42.72178",metus.In.nec@facilisi.ca,S8W 1Z7,Lörrach
09.07.2019,1-746-240-8034,Grady G. Shelton,"38.67297, -133.51202",lobortis.Class@luctusut.net,89917,Hennigsdorf
23.03.2020,1-674-525-8540,Ria J. Wilson,"74.93692, 70.46767",mollis.Integer.tincidunt@ut.ca,65822-35076,Aiello Calabro
23.01.2019,1-112-523-5404,Darrel A. Rojas,"-64.57208, -149.73866",erat.volutpat@SedmolestieSed.co.uk,06279,East Jakarta
20.09.2020,1-128-503-9404,Jermaine B. Sexton,"11.947, -79.33305",lobortis.Class.aptent@porttitorvulputate.ca,89729,Annan
08.11.2020,1-904-424-8266,Erasmus X. Finley,"67.8675, 30.81345",id.libero.Donec@malesuadavelconvallis.net,06193,Mérignac
03.02.2019,1-349-941-0735,Allen N. Noel,"33.7464, -118.05116",odio@porttitorscelerisque.com,95594,Vilcún
03.02.2019,1-408-166-4703,Elmo V. Page,"32.3939, -69.68619",sollicitudin@risus.edu,82419-29635,Newtonmore
27.10.2019,1-830-227-5876,Germane X. Ingram,"34.24397, 1.14447",Donec@imperdietnec.com,6975,Göppingen
07.08.2019,1-305-546-8242,Tad P. Reilly,"0.33915, 91.01438",facilisis@liberodui.com,55476,Pictou
08.04.2020,1-276-169-7194,Lilah Z. Ratliff,"-56.36237, -62.80281",viverra.Donec.tempus@magnisdis.ca,381080,Trieste
07.10.2020,1-821-467-2365,Evan L. Murphy,"-30.59229, 37.86276",enim@arcu.edu,24610,Strongoli
14.01.2020,1-790-610-1419,Galena Y. Hoover,"-8.52879, -88.61456",eget.varius.ultrices@Quisqueornare.com,92-366,Margate